bin_start,time_h_0
0.0,0.0
0.99609375,0.0
1.9921875,0.0
2.98828125,0.0
3.984375,0.0
4.98046875,0.0
5.9765625,0.0
6.97265625,0.0
7.96875,0.0
8.96484375,0.0
9.9609375,109962.0
10.95703125,101194.0
11.953125,92145.0
12.94921875,83700.0
13.9453125,75531.0
14.94140625,68615.0
15.9375,62655.0
16.93359375,55588.0
17.9296875,51266.0
18.92578125,45931.0
19.921875,40645.0
20.91796875,35166.0
21.9140625,30912.0
22.91015625,26779.0
23.90625,23632.0
24.90234375,21402.0
25.8984375,19541.0
26.89453125,17744.0
27.890625,16110.0
28.88671875,13924.0
29.8828125,12138.0
30.87890625,11021.0
31.875,10065.0
32.87109375,9351.0
33.8671875,8548.0
34.86328125,8115.0
35.859375,7496.0
36.85546875,6925.0
37.8515625,6624.0
38.84765625,6278.0
39.84375,5768.0
40.83984375,4931.0
41.8359375,4714.0
42.83203125,4138.0
43.828125,3612.0
44.82421875,3206.0
45.8203125,2945.0
46.81640625,2610.0
47.8125,2393.0
48.80859375,2230.0
49.8046875,2191.0
50.80078125,1901.0
51.796875,1783.0
52.79296875,1724.0
53.7890625,1590.0
54.78515625,1501.0
55.78125,1406.0
56.77734375,1325.0
57.7734375,1283.0
58.76953125,1162.0
59.765625,1100.0
60.76171875,1056.0
61.7578125,917.0
62.75390625,909.0
63.75,870.0
64.74609375,787.0
65.7421875,718.0
66.73828125,737.0
67.734375,671.0
68.73046875,646.0
69.7265625,625.0
70.72265625,624.0
71.71875,688.0
72.71484375,629.0
73.7109375,620.0
74.70703125,548.0
75.703125,504.0
76.69921875,463.0
77.6953125,477.0
78.69140625,458.0
79.6875,417.0
80.68359375,386.0
81.6796875,405.0
82.67578125,381.0
83.671875,416.0
84.66796875,355.0
85.6640625,422.0
86.66015625,341.0
87.65625,358.0
88.65234375,321.0
89.6484375,318.0
90.64453125,329.0
91.640625,313.0
92.63671875,293.0
93.6328125,306.0
94.62890625,329.0
95.625,286.0
96.62109375,297.0
97.6171875,249.0
98.61328125,274.0
99.609375,244.0
100.60546875,241.0
101.6015625,288.0
102.59765625,244.0
103.59375,259.0
104.58984375,242.0
105.5859375,232.0
106.58203125,230.0
107.578125,233.0
108.57421875,210.0
109.5703125,192.0
110.56640625,208.0
111.5625,202.0
112.55859375,194.0
113.5546875,218.0
114.55078125,185.0
115.546875,210.0
116.54296875,185.0
117.5390625,155.0
118.53515625,138.0
119.53125,156.0
120.52734375,161.0
121.5234375,132.0
122.51953125,117.0
123.515625,137.0
124.51171875,114.0
125.5078125,115.0
126.50390625,112.0
127.5,118.0
128.49609375,106.0
129.4921875,99.0
130.48828125,116.0
131.484375,106.0
132.48046875,125.0
133.4765625,118.0
134.47265625,83.0
135.46875,83.0
136.46484375,95.0
137.4609375,92.0
138.45703125,106.0
139.453125,95.0
140.44921875,88.0
141.4453125,89.0
142.44140625,99.0
143.4375,94.0
144.43359375,89.0
145.4296875,80.0
146.42578125,75.0
147.421875,89.0
148.41796875,80.0
149.4140625,79.0
150.41015625,79.0
151.40625,81.0
152.40234375,94.0
153.3984375,82.0
154.39453125,79.0
155.390625,83.0
156.38671875,85.0
157.3828125,79.0
158.37890625,80.0
159.375,72.0
160.37109375,73.0
161.3671875,97.0
162.36328125,88.0
163.359375,61.0
164.35546875,69.0
165.3515625,79.0
166.34765625,78.0
167.34375,82.0
168.33984375,83.0
169.3359375,90.0
170.33203125,98.0
171.328125,67.0
172.32421875,63.0
173.3203125,77.0
174.31640625,62.0
175.3125,55.0
176.30859375,73.0
177.3046875,51.0
178.30078125,52.0
179.296875,52.0
180.29296875,64.0
181.2890625,55.0
182.28515625,64.0
183.28125,53.0
184.27734375,57.0
185.2734375,57.0
186.26953125,58.0
187.265625,56.0
188.26171875,57.0
189.2578125,61.0
190.25390625,53.0
191.25,50.0
192.24609375,62.0
193.2421875,53.0
194.23828125,52.0
195.234375,42.0
196.23046875,39.0
197.2265625,44.0
198.22265625,41.0
199.21875,57.0
200.21484375,55.0
201.2109375,43.0
202.20703125,63.0
203.203125,59.0
204.19921875,51.0
205.1953125,66.0
206.19140625,53.0
207.1875,38.0
208.18359375,43.0
209.1796875,48.0
210.17578125,50.0
211.171875,51.0
212.16796875,47.0
213.1640625,47.0
214.16015625,40.0
215.15625,41.0
216.15234375,55.0
217.1484375,55.0
218.14453125,60.0
219.140625,61.0
220.13671875,62.0
221.1328125,54.0
222.12890625,58.0
223.125,56.0
224.12109375,73.0
225.1171875,70.0
226.11328125,69.0
227.109375,71.0
228.10546875,85.0
229.1015625,114.0
230.09765625,89.0
231.09375,109.0
232.08984375,121.0
233.0859375,188.0
234.08203125,270.0
235.078125,786.0
236.07421875,877.0
237.0703125,188.0
238.06640625,11.0
239.0625,41.0
240.05859375,4.0
241.0546875,0.0
242.05078125,0.0
243.046875,0.0
244.04296875,0.0
245.0390625,0.0
246.03515625,0.0
247.03125,0.0
248.02734375,0.0
249.0234375,0.0
250.01953125,0.0
251.015625,0.0
252.01171875,0.0
253.0078125,0.0
254.00390625,0.0
