run_id,dataset_id,source_file,source_position_id,source_channel_id,source_time_index,source_stack_page_index,position,time,channel,channel_role,coordinate_space,sample_id,x,y,width,height,x_max_exclusive,y_max_exclusive,area_pixels,valid_pixels,mean,median,sd,segmented_cell_pixels,subtracted_background_mean,pooled_sd,sample_mean_range,sample_mean_relative_range,disagreement_threshold_relative_range,status,averaging_method,intensity_space,gaussian_sigma,crop_xywh_json,registration_offsets_json,pixel_calibration_json,provenance_file,overlay_path,corrected_overlay_path
d38c28de-c18e-4e3e-bed4-a53ffabe705e,86345802880542659364f089881142c5ce97f7fdeb3eb1c6da06ec0df98a4a01,/Volumes/Evans_Drive/TIFF_Timepoints/Peptide-Antibiotic/After-cell-viability-AMP-Experiments/RFP-Ecoli/s-29-peptide-09-01-26 (5)/T48+16/Key-folder/C2-Brot/LiveDead/brot-gfp-p1.tif,0,2,0,,0,0,2,live,cropped_registered_analysis_frame,1,1000,827,100,100,1100,927,10000,10000,3455.348,3455.0,97.47732298334829,0,3337.6801666666665,127.09387792745521,183.65610000000015,0.05502507455153113,0.2,ok,pooled finite raw pixels; weighted by valid pixel count,raw before background subtraction and Gaussian smoothing,1.5,null,null,"{""x_um"": null, ""y_um"": null, ""status"": ""unavailable"", ""morphology_fallback_um"": 0.064971092928405, ""fluorescence_morphology_radius_pixels"": null}",analysis_provenance.json,background_samples/pos0_t0_live_background_samples.png,background_samples/pos0_t0_live_background_samples_corrected.png
d38c28de-c18e-4e3e-bed4-a53ffabe705e,86345802880542659364f089881142c5ce97f7fdeb3eb1c6da06ec0df98a4a01,/Volumes/Evans_Drive/TIFF_Timepoints/Peptide-Antibiotic/After-cell-viability-AMP-Experiments/RFP-Ecoli/s-29-peptide-09-01-26 (5)/T48+16/Key-folder/C2-Brot/LiveDead/brot-gfp-p1.tif,0,2,0,,0,0,2,live,cropped_registered_analysis_frame,2,462,770,100,100,562,870,10000,10000,3286.0006,3288.0,101.30248269238025,0,3337.6801666666665,127.09387792745521,183.65610000000015,0.05502507455153113,0.2,ok,pooled finite raw pixels; weighted by valid pixel count,raw before background subtraction and Gaussian smoothing,1.5,null,null,"{""x_um"": null, ""y_um"": null, ""status"": ""unavailable"", ""morphology_fallback_um"": 0.064971092928405, ""fluorescence_morphology_radius_pixels"": null}",analysis_provenance.json,background_samples/pos0_t0_live_background_samples.png,background_samples/pos0_t0_live_background_samples_corrected.png
d38c28de-c18e-4e3e-bed4-a53ffabe705e,86345802880542659364f089881142c5ce97f7fdeb3eb1c6da06ec0df98a4a01,/Volumes/Evans_Drive/TIFF_Timepoints/Peptide-Antibiotic/After-cell-viability-AMP-Experiments/RFP-Ecoli/s-29-peptide-09-01-26 (5)/T48+16/Key-folder/C2-Brot/LiveDead/brot-gfp-p1.tif,0,2,0,,0,0,2,live,cropped_registered_analysis_frame,3,706,1557,100,100,806,1657,10000,10000,3271.6919,3272.0,88.45107107542565,0,3337.6801666666665,127.09387792745521,183.65610000000015,0.05502507455153113,0.2,ok,pooled finite raw pixels; weighted by valid pixel count,raw before background subtraction and Gaussian smoothing,1.5,null,null,"{""x_um"": null, ""y_um"": null, ""status"": ""unavailable"", ""morphology_fallback_um"": 0.064971092928405, ""fluorescence_morphology_radius_pixels"": null}",analysis_provenance.json,background_samples/pos0_t0_live_background_samples.png,background_samples/pos0_t0_live_background_samples_corrected.png
d38c28de-c18e-4e3e-bed4-a53ffabe705e,86345802880542659364f089881142c5ce97f7fdeb3eb1c6da06ec0df98a4a01,/Volumes/Evans_Drive/TIFF_Timepoints/Peptide-Antibiotic/After-cell-viability-AMP-Experiments/RFP-Ecoli/s-29-peptide-09-01-26 (5)/T48+16/Key-folder/C2-Brot/LiveDead/brot-rfp-p1.tif,0,1,0,,0,0,1,dead,cropped_registered_analysis_frame,1,1000,827,100,100,1100,927,10000,10000,2143.0005,2143.0,72.47938396364859,0,2120.0122,97.38592635057697,141.05809999999974,0.06653645672416401,0.2,ok,pooled finite raw pixels; weighted by valid pixel count,raw before background subtraction and Gaussian smoothing,1.5,null,null,"{""x_um"": null, ""y_um"": null, ""status"": ""unavailable"", ""morphology_fallback_um"": 0.064971092928405, ""fluorescence_morphology_radius_pixels"": null}",analysis_provenance.json,background_samples/pos0_t0_dead_background_samples.png,background_samples/pos0_t0_dead_background_samples_corrected.png
d38c28de-c18e-4e3e-bed4-a53ffabe705e,86345802880542659364f089881142c5ce97f7fdeb3eb1c6da06ec0df98a4a01,/Volumes/Evans_Drive/TIFF_Timepoints/Peptide-Antibiotic/After-cell-viability-AMP-Experiments/RFP-Ecoli/s-29-peptide-09-01-26 (5)/T48+16/Key-folder/C2-Brot/LiveDead/brot-rfp-p1.tif,0,1,0,,0,0,1,dead,cropped_registered_analysis_frame,2,462,770,100,100,562,870,10000,10000,2037.989,2038.0,71.93913871461069,0,2120.0122,97.38592635057697,141.05809999999974,0.06653645672416401,0.2,ok,pooled finite raw pixels; weighted by valid pixel count,raw before background subtraction and Gaussian smoothing,1.5,null,null,"{""x_um"": null, ""y_um"": null, ""status"": ""unavailable"", ""morphology_fallback_um"": 0.064971092928405, ""fluorescence_morphology_radius_pixels"": null}",analysis_provenance.json,background_samples/pos0_t0_dead_background_samples.png,background_samples/pos0_t0_dead_background_samples_corrected.png
d38c28de-c18e-4e3e-bed4-a53ffabe705e,86345802880542659364f089881142c5ce97f7fdeb3eb1c6da06ec0df98a4a01,/Volumes/Evans_Drive/TIFF_Timepoints/Peptide-Antibiotic/After-cell-viability-AMP-Experiments/RFP-Ecoli/s-29-peptide-09-01-26 (5)/T48+16/Key-folder/C2-Brot/LiveDead/brot-rfp-p1.tif,0,1,0,,0,0,1,dead,cropped_registered_analysis_frame,3,706,1557,100,100,806,1657,10000,10000,2179.0471,2173.0,85.33562258277607,0,2120.0122,97.38592635057697,141.05809999999974,0.06653645672416401,0.2,ok,pooled finite raw pixels; weighted by valid pixel count,raw before background subtraction and Gaussian smoothing,1.5,null,null,"{""x_um"": null, ""y_um"": null, ""status"": ""unavailable"", ""morphology_fallback_um"": 0.064971092928405, ""fluorescence_morphology_radius_pixels"": null}",analysis_provenance.json,background_samples/pos0_t0_dead_background_samples.png,background_samples/pos0_t0_dead_background_samples_corrected.png
d38c28de-c18e-4e3e-bed4-a53ffabe705e,86345802880542659364f089881142c5ce97f7fdeb3eb1c6da06ec0df98a4a01,/Volumes/Evans_Drive/TIFF_Timepoints/Peptide-Antibiotic/After-cell-viability-AMP-Experiments/RFP-Ecoli/s-29-peptide-09-01-26 (5)/T48+16/Key-folder/C2-Brot/LiveDead/brot-gfp-p2.tif,1,2,0,,1,0,2,live,cropped_registered_analysis_frame,1,1416,686,100,100,1516,786,10000,10000,4232.9863,4236.0,98.19006015025145,0,4011.7091666666665,196.60214846903096,411.7872999999995,0.10264634919738064,0.2,ok,pooled finite raw pixels; weighted by valid pixel count,raw before background subtraction and Gaussian smoothing,1.5,null,null,"{""x_um"": null, ""y_um"": null, ""status"": ""unavailable"", ""morphology_fallback_um"": 0.064971092928405, ""fluorescence_morphology_radius_pixels"": null}",analysis_provenance.json,background_samples/pos1_t0_live_background_samples.png,background_samples/pos1_t0_live_background_samples_corrected.png
d38c28de-c18e-4e3e-bed4-a53ffabe705e,86345802880542659364f089881142c5ce97f7fdeb3eb1c6da06ec0df98a4a01,/Volumes/Evans_Drive/TIFF_Timepoints/Peptide-Antibiotic/After-cell-viability-AMP-Experiments/RFP-Ecoli/s-29-peptide-09-01-26 (5)/T48+16/Key-folder/C2-Brot/LiveDead/brot-gfp-p2.tif,1,2,0,,1,0,2,live,cropped_registered_analysis_frame,2,206,1135,100,100,306,1235,10000,10000,3821.199,3822.0,98.70066969884247,0,4011.7091666666665,196.60214846903096,411.7872999999995,0.10264634919738064,0.2,ok,pooled finite raw pixels; weighted by valid pixel count,raw before background subtraction and Gaussian smoothing,1.5,null,null,"{""x_um"": null, ""y_um"": null, ""status"": ""unavailable"", ""morphology_fallback_um"": 0.064971092928405, ""fluorescence_morphology_radius_pixels"": null}",analysis_provenance.json,background_samples/pos1_t0_live_background_samples.png,background_samples/pos1_t0_live_background_samples_corrected.png
d38c28de-c18e-4e3e-bed4-a53ffabe705e,86345802880542659364f089881142c5ce97f7fdeb3eb1c6da06ec0df98a4a01,/Volumes/Evans_Drive/TIFF_Timepoints/Peptide-Antibiotic/After-cell-viability-AMP-Experiments/RFP-Ecoli/s-29-peptide-09-01-26 (5)/T48+16/Key-folder/C2-Brot/LiveDead/brot-gfp-p2.tif,1,2,0,,1,0,2,live,cropped_registered_analysis_frame,3,866,1442,100,100,966,1542,10000,10000,3980.9422,3981.0,101.832237818679,0,4011.7091666666665,196.60214846903096,411.7872999999995,0.10264634919738064,0.2,ok,pooled finite raw pixels; weighted by valid pixel count,raw before background subtraction and Gaussian smoothing,1.5,null,null,"{""x_um"": null, ""y_um"": null, ""status"": ""unavailable"", ""morphology_fallback_um"": 0.064971092928405, ""fluorescence_morphology_radius_pixels"": null}",analysis_provenance.json,background_samples/pos1_t0_live_background_samples.png,background_samples/pos1_t0_live_background_samples_corrected.png
d38c28de-c18e-4e3e-bed4-a53ffabe705e,86345802880542659364f089881142c5ce97f7fdeb3eb1c6da06ec0df98a4a01,/Volumes/Evans_Drive/TIFF_Timepoints/Peptide-Antibiotic/After-cell-viability-AMP-Experiments/RFP-Ecoli/s-29-peptide-09-01-26 (5)/T48+16/Key-folder/C2-Brot/LiveDead/brot-rfp-p2.tif,1,1,0,,1,0,1,dead,cropped_registered_analysis_frame,1,1416,686,100,100,1516,786,10000,10000,1955.0897,1954.0,68.5739692150746,0,1892.3593666666666,101.18466956806692,161.9188999999999,0.08556456181217582,0.2,ok,pooled finite raw pixels; weighted by valid pixel count,raw before background subtraction and Gaussian smoothing,1.5,null,null,"{""x_um"": null, ""y_um"": null, ""status"": ""unavailable"", ""morphology_fallback_um"": 0.064971092928405, ""fluorescence_morphology_radius_pixels"": null}",analysis_provenance.json,background_samples/pos1_t0_dead_background_samples.png,background_samples/pos1_t0_dead_background_samples_corrected.png
d38c28de-c18e-4e3e-bed4-a53ffabe705e,86345802880542659364f089881142c5ce97f7fdeb3eb1c6da06ec0df98a4a01,/Volumes/Evans_Drive/TIFF_Timepoints/Peptide-Antibiotic/After-cell-viability-AMP-Experiments/RFP-Ecoli/s-29-peptide-09-01-26 (5)/T48+16/Key-folder/C2-Brot/LiveDead/brot-rfp-p2.tif,1,1,0,,1,0,1,dead,cropped_registered_analysis_frame,2,206,1135,100,100,306,1235,10000,10000,1793.1708,1793.0,62.81969458187456,0,1892.3593666666666,101.18466956806692,161.9188999999999,0.08556456181217582,0.2,ok,pooled finite raw pixels; weighted by valid pixel count,raw before background subtraction and Gaussian smoothing,1.5,null,null,"{""x_um"": null, ""y_um"": null, ""status"": ""unavailable"", ""morphology_fallback_um"": 0.064971092928405, ""fluorescence_morphology_radius_pixels"": null}",analysis_provenance.json,background_samples/pos1_t0_dead_background_samples.png,background_samples/pos1_t0_dead_background_samples_corrected.png
d38c28de-c18e-4e3e-bed4-a53ffabe705e,86345802880542659364f089881142c5ce97f7fdeb3eb1c6da06ec0df98a4a01,/Volumes/Evans_Drive/TIFF_Timepoints/Peptide-Antibiotic/After-cell-viability-AMP-Experiments/RFP-Ecoli/s-29-peptide-09-01-26 (5)/T48+16/Key-folder/C2-Brot/LiveDead/brot-rfp-p2.tif,1,1,0,,1,0,1,dead,cropped_registered_analysis_frame,3,866,1442,100,100,966,1542,10000,10000,1928.8176,1923.0,83.44842437242299,0,1892.3593666666666,101.18466956806692,161.9188999999999,0.08556456181217582,0.2,ok,pooled finite raw pixels; weighted by valid pixel count,raw before background subtraction and Gaussian smoothing,1.5,null,null,"{""x_um"": null, ""y_um"": null, ""status"": ""unavailable"", ""morphology_fallback_um"": 0.064971092928405, ""fluorescence_morphology_radius_pixels"": null}",analysis_provenance.json,background_samples/pos1_t0_dead_background_samples.png,background_samples/pos1_t0_dead_background_samples_corrected.png
d38c28de-c18e-4e3e-bed4-a53ffabe705e,86345802880542659364f089881142c5ce97f7fdeb3eb1c6da06ec0df98a4a01,/Volumes/Evans_Drive/TIFF_Timepoints/Peptide-Antibiotic/After-cell-viability-AMP-Experiments/RFP-Ecoli/s-29-peptide-09-01-26 (5)/T48+16/Key-folder/C2-Brot/LiveDead/brot-gfp-p3.tif,2,2,0,,2,0,2,live,cropped_registered_analysis_frame,1,846,891,100,100,946,991,10000,10000,4590.1269,4588.0,113.05048339741852,0,4339.5287,276.15727736740286,599.9092,0.13824293868594534,0.2,ok,pooled finite raw pixels; weighted by valid pixel count,raw before background subtraction and Gaussian smoothing,1.5,null,null,"{""x_um"": null, ""y_um"": null, ""status"": ""unavailable"", ""morphology_fallback_um"": 0.064971092928405, ""fluorescence_morphology_radius_pixels"": null}",analysis_provenance.json,background_samples/pos2_t0_live_background_samples.png,background_samples/pos2_t0_live_background_samples_corrected.png
d38c28de-c18e-4e3e-bed4-a53ffabe705e,86345802880542659364f089881142c5ce97f7fdeb3eb1c6da06ec0df98a4a01,/Volumes/Evans_Drive/TIFF_Timepoints/Peptide-Antibiotic/After-cell-viability-AMP-Experiments/RFP-Ecoli/s-29-peptide-09-01-26 (5)/T48+16/Key-folder/C2-Brot/LiveDead/brot-gfp-p3.tif,2,2,0,,2,0,2,live,cropped_registered_analysis_frame,2,411,1801,100,100,511,1901,10000,10000,3990.2177,3990.0,101.49113018737154,0,4339.5287,276.15727736740286,599.9092,0.13824293868594534,0.2,ok,pooled finite raw pixels; weighted by valid pixel count,raw before background subtraction and Gaussian smoothing,1.5,null,null,"{""x_um"": null, ""y_um"": null, ""status"": ""unavailable"", ""morphology_fallback_um"": 0.064971092928405, ""fluorescence_morphology_radius_pixels"": null}",analysis_provenance.json,background_samples/pos2_t0_live_background_samples.png,background_samples/pos2_t0_live_background_samples_corrected.png
d38c28de-c18e-4e3e-bed4-a53ffabe705e,86345802880542659364f089881142c5ce97f7fdeb3eb1c6da06ec0df98a4a01,/Volumes/Evans_Drive/TIFF_Timepoints/Peptide-Antibiotic/After-cell-viability-AMP-Experiments/RFP-Ecoli/s-29-peptide-09-01-26 (5)/T48+16/Key-folder/C2-Brot/LiveDead/brot-gfp-p3.tif,2,2,0,,2,0,2,live,cropped_registered_analysis_frame,3,1685,782,100,100,1785,882,10000,10000,4438.2415,4437.5,105.57374094797437,0,4339.5287,276.15727736740286,599.9092,0.13824293868594534,0.2,ok,pooled finite raw pixels; weighted by valid pixel count,raw before background subtraction and Gaussian smoothing,1.5,null,null,"{""x_um"": null, ""y_um"": null, ""status"": ""unavailable"", ""morphology_fallback_um"": 0.064971092928405, ""fluorescence_morphology_radius_pixels"": null}",analysis_provenance.json,background_samples/pos2_t0_live_background_samples.png,background_samples/pos2_t0_live_background_samples_corrected.png
d38c28de-c18e-4e3e-bed4-a53ffabe705e,86345802880542659364f089881142c5ce97f7fdeb3eb1c6da06ec0df98a4a01,/Volumes/Evans_Drive/TIFF_Timepoints/Peptide-Antibiotic/After-cell-viability-AMP-Experiments/RFP-Ecoli/s-29-peptide-09-01-26 (5)/T48+16/Key-folder/C2-Brot/LiveDead/brot-rfp-p3.tif,2,1,0,,2,0,1,dead,cropped_registered_analysis_frame,1,846,891,100,100,946,991,10000,10000,2257.0135,2256.0,74.51314728120133,0,2211.1755,259.62127307499924,353.86080000000015,0.16003288748450775,0.2,ok,pooled finite raw pixels; weighted by valid pixel count,raw before background subtraction and Gaussian smoothing,1.5,null,null,"{""x_um"": null, ""y_um"": null, ""status"": ""unavailable"", ""morphology_fallback_um"": 0.064971092928405, ""fluorescence_morphology_radius_pixels"": null}",analysis_provenance.json,background_samples/pos2_t0_dead_background_samples.png,background_samples/pos2_t0_dead_background_samples_corrected.png
d38c28de-c18e-4e3e-bed4-a53ffabe705e,86345802880542659364f089881142c5ce97f7fdeb3eb1c6da06ec0df98a4a01,/Volumes/Evans_Drive/TIFF_Timepoints/Peptide-Antibiotic/After-cell-viability-AMP-Experiments/RFP-Ecoli/s-29-peptide-09-01-26 (5)/T48+16/Key-folder/C2-Brot/LiveDead/brot-rfp-p3.tif,2,1,0,,2,0,1,dead,cropped_registered_analysis_frame,2,411,1801,100,100,511,1901,10000,10000,2365.1869,2253.0,355.2715293523955,0,2211.1755,259.62127307499924,353.86080000000015,0.16003288748450775,0.2,ok,pooled finite raw pixels; weighted by valid pixel count,raw before background subtraction and Gaussian smoothing,1.5,null,null,"{""x_um"": null, ""y_um"": null, ""status"": ""unavailable"", ""morphology_fallback_um"": 0.064971092928405, ""fluorescence_morphology_radius_pixels"": null}",analysis_provenance.json,background_samples/pos2_t0_dead_background_samples.png,background_samples/pos2_t0_dead_background_samples_corrected.png
d38c28de-c18e-4e3e-bed4-a53ffabe705e,86345802880542659364f089881142c5ce97f7fdeb3eb1c6da06ec0df98a4a01,/Volumes/Evans_Drive/TIFF_Timepoints/Peptide-Antibiotic/After-cell-viability-AMP-Experiments/RFP-Ecoli/s-29-peptide-09-01-26 (5)/T48+16/Key-folder/C2-Brot/LiveDead/brot-rfp-p3.tif,2,1,0,,2,0,1,dead,cropped_registered_analysis_frame,3,1685,782,100,100,1785,882,10000,10000,2011.3261,2010.0,68.4041764718354,0,2211.1755,259.62127307499924,353.86080000000015,0.16003288748450775,0.2,ok,pooled finite raw pixels; weighted by valid pixel count,raw before background subtraction and Gaussian smoothing,1.5,null,null,"{""x_um"": null, ""y_um"": null, ""status"": ""unavailable"", ""morphology_fallback_um"": 0.064971092928405, ""fluorescence_morphology_radius_pixels"": null}",analysis_provenance.json,background_samples/pos2_t0_dead_background_samples.png,background_samples/pos2_t0_dead_background_samples_corrected.png
d38c28de-c18e-4e3e-bed4-a53ffabe705e,86345802880542659364f089881142c5ce97f7fdeb3eb1c6da06ec0df98a4a01,/Volumes/Evans_Drive/TIFF_Timepoints/Peptide-Antibiotic/After-cell-viability-AMP-Experiments/RFP-Ecoli/s-29-peptide-09-01-26 (5)/T48+16/Key-folder/C2-Brot/LiveDead/brot-gfp-p4.tif,3,2,0,,3,0,2,live,cropped_registered_analysis_frame,1,206,590,100,100,306,690,10000,10000,4313.6155,4312.0,119.98490096570484,0,4538.9322,206.07599553682454,417.3827000000001,0.09195614334137886,0.2,ok,pooled finite raw pixels; weighted by valid pixel count,raw before background subtraction and Gaussian smoothing,1.5,null,null,"{""x_um"": null, ""y_um"": null, ""status"": ""unavailable"", ""morphology_fallback_um"": 0.064971092928405, ""fluorescence_morphology_radius_pixels"": null}",analysis_provenance.json,background_samples/pos3_t0_live_background_samples.png,background_samples/pos3_t0_live_background_samples_corrected.png
d38c28de-c18e-4e3e-bed4-a53ffabe705e,86345802880542659364f089881142c5ce97f7fdeb3eb1c6da06ec0df98a4a01,/Volumes/Evans_Drive/TIFF_Timepoints/Peptide-Antibiotic/After-cell-viability-AMP-Experiments/RFP-Ecoli/s-29-peptide-09-01-26 (5)/T48+16/Key-folder/C2-Brot/LiveDead/brot-gfp-p4.tif,3,2,0,,3,0,2,live,cropped_registered_analysis_frame,2,1666,1211,100,100,1766,1311,10000,10000,4730.9982,4731.0,114.10218751960893,0,4538.9322,206.07599553682454,417.3827000000001,0.09195614334137886,0.2,ok,pooled finite raw pixels; weighted by valid pixel count,raw before background subtraction and Gaussian smoothing,1.5,null,null,"{""x_um"": null, ""y_um"": null, ""status"": ""unavailable"", ""morphology_fallback_um"": 0.064971092928405, ""fluorescence_morphology_radius_pixels"": null}",analysis_provenance.json,background_samples/pos3_t0_live_background_samples.png,background_samples/pos3_t0_live_background_samples_corrected.png
d38c28de-c18e-4e3e-bed4-a53ffabe705e,86345802880542659364f089881142c5ce97f7fdeb3eb1c6da06ec0df98a4a01,/Volumes/Evans_Drive/TIFF_Timepoints/Peptide-Antibiotic/After-cell-viability-AMP-Experiments/RFP-Ecoli/s-29-peptide-09-01-26 (5)/T48+16/Key-folder/C2-Brot/LiveDead/brot-gfp-p4.tif,3,2,0,,3,0,2,live,cropped_registered_analysis_frame,3,802,296,100,100,902,396,10000,10000,4572.1829,4574.0,105.94191544233094,0,4538.9322,206.07599553682454,417.3827000000001,0.09195614334137886,0.2,ok,pooled finite raw pixels; weighted by valid pixel count,raw before background subtraction and Gaussian smoothing,1.5,null,null,"{""x_um"": null, ""y_um"": null, ""status"": ""unavailable"", ""morphology_fallback_um"": 0.064971092928405, ""fluorescence_morphology_radius_pixels"": null}",analysis_provenance.json,background_samples/pos3_t0_live_background_samples.png,background_samples/pos3_t0_live_background_samples_corrected.png
d38c28de-c18e-4e3e-bed4-a53ffabe705e,86345802880542659364f089881142c5ce97f7fdeb3eb1c6da06ec0df98a4a01,/Volumes/Evans_Drive/TIFF_Timepoints/Peptide-Antibiotic/After-cell-viability-AMP-Experiments/RFP-Ecoli/s-29-peptide-09-01-26 (5)/T48+16/Key-folder/C2-Brot/LiveDead/brot-rfp-p4.tif,3,1,0,,3,0,1,dead,cropped_registered_analysis_frame,1,206,590,100,100,306,690,10000,10000,3536.2841,3535.0,118.51562423237705,0,3687.964266666667,384.9736114633429,864.8966999999998,0.23451873105639628,0.2,sample_means_disagree,pooled finite raw pixels; weighted by valid pixel count,raw before background subtraction and Gaussian smoothing,1.5,null,null,"{""x_um"": null, ""y_um"": null, ""status"": ""unavailable"", ""morphology_fallback_um"": 0.064971092928405, ""fluorescence_morphology_radius_pixels"": null}",analysis_provenance.json,background_samples/pos3_t0_dead_background_samples.png,background_samples/pos3_t0_dead_background_samples_corrected.png
d38c28de-c18e-4e3e-bed4-a53ffabe705e,86345802880542659364f089881142c5ce97f7fdeb3eb1c6da06ec0df98a4a01,/Volumes/Evans_Drive/TIFF_Timepoints/Peptide-Antibiotic/After-cell-viability-AMP-Experiments/RFP-Ecoli/s-29-peptide-09-01-26 (5)/T48+16/Key-folder/C2-Brot/LiveDead/brot-rfp-p4.tif,3,1,0,,3,0,1,dead,cropped_registered_analysis_frame,2,1666,1211,100,100,1766,1311,10000,10000,4196.2527,4198.0,107.23739945891079,0,3687.964266666667,384.9736114633429,864.8966999999998,0.23451873105639628,0.2,sample_means_disagree,pooled finite raw pixels; weighted by valid pixel count,raw before background subtraction and Gaussian smoothing,1.5,null,null,"{""x_um"": null, ""y_um"": null, ""status"": ""unavailable"", ""morphology_fallback_um"": 0.064971092928405, ""fluorescence_morphology_radius_pixels"": null}",analysis_provenance.json,background_samples/pos3_t0_dead_background_samples.png,background_samples/pos3_t0_dead_background_samples_corrected.png
d38c28de-c18e-4e3e-bed4-a53ffabe705e,86345802880542659364f089881142c5ce97f7fdeb3eb1c6da06ec0df98a4a01,/Volumes/Evans_Drive/TIFF_Timepoints/Peptide-Antibiotic/After-cell-viability-AMP-Experiments/RFP-Ecoli/s-29-peptide-09-01-26 (5)/T48+16/Key-folder/C2-Brot/LiveDead/brot-rfp-p4.tif,3,1,0,,3,0,1,dead,cropped_registered_analysis_frame,3,802,296,100,100,902,396,10000,10000,3331.356,3331.0,102.6390338224206,0,3687.964266666667,384.9736114633429,864.8966999999998,0.23451873105639628,0.2,sample_means_disagree,pooled finite raw pixels; weighted by valid pixel count,raw before background subtraction and Gaussian smoothing,1.5,null,null,"{""x_um"": null, ""y_um"": null, ""status"": ""unavailable"", ""morphology_fallback_um"": 0.064971092928405, ""fluorescence_morphology_radius_pixels"": null}",analysis_provenance.json,background_samples/pos3_t0_dead_background_samples.png,background_samples/pos3_t0_dead_background_samples_corrected.png
d38c28de-c18e-4e3e-bed4-a53ffabe705e,86345802880542659364f089881142c5ce97f7fdeb3eb1c6da06ec0df98a4a01,/Volumes/Evans_Drive/TIFF_Timepoints/Peptide-Antibiotic/After-cell-viability-AMP-Experiments/RFP-Ecoli/s-29-peptide-09-01-26 (5)/T48+16/Key-folder/C2-Brot/LiveDead/brot-gfp-p5.tif,4,2,0,,4,0,2,live,cropped_registered_analysis_frame,1,1679,955,100,100,1779,1055,10000,10000,4441.1814,4439.0,110.99101627627346,0,4427.732733333333,139.1490267130732,185.01780000000053,0.04178612647667951,0.2,ok,pooled finite raw pixels; weighted by valid pixel count,raw before background subtraction and Gaussian smoothing,1.5,null,null,"{""x_um"": null, ""y_um"": null, ""status"": ""unavailable"", ""morphology_fallback_um"": 0.064971092928405, ""fluorescence_morphology_radius_pixels"": null}",analysis_provenance.json,background_samples/pos4_t0_live_background_samples.png,background_samples/pos4_t0_live_background_samples_corrected.png
d38c28de-c18e-4e3e-bed4-a53ffabe705e,86345802880542659364f089881142c5ce97f7fdeb3eb1c6da06ec0df98a4a01,/Volumes/Evans_Drive/TIFF_Timepoints/Peptide-Antibiotic/After-cell-viability-AMP-Experiments/RFP-Ecoli/s-29-peptide-09-01-26 (5)/T48+16/Key-folder/C2-Brot/LiveDead/brot-gfp-p5.tif,4,2,0,,4,0,2,live,cropped_registered_analysis_frame,2,558,680,100,100,658,780,10000,10000,4513.5173,4503.5,126.49696162639638,0,4427.732733333333,139.1490267130732,185.01780000000053,0.04178612647667951,0.2,ok,pooled finite raw pixels; weighted by valid pixel count,raw before background subtraction and Gaussian smoothing,1.5,null,null,"{""x_um"": null, ""y_um"": null, ""status"": ""unavailable"", ""morphology_fallback_um"": 0.064971092928405, ""fluorescence_morphology_radius_pixels"": null}",analysis_provenance.json,background_samples/pos4_t0_live_background_samples.png,background_samples/pos4_t0_live_background_samples_corrected.png
d38c28de-c18e-4e3e-bed4-a53ffabe705e,86345802880542659364f089881142c5ce97f7fdeb3eb1c6da06ec0df98a4a01,/Volumes/Evans_Drive/TIFF_Timepoints/Peptide-Antibiotic/After-cell-viability-AMP-Experiments/RFP-Ecoli/s-29-peptide-09-01-26 (5)/T48+16/Key-folder/C2-Brot/LiveDead/brot-gfp-p5.tif,4,2,0,,4,0,2,live,cropped_registered_analysis_frame,3,1115,1551,100,100,1215,1651,10000,10000,4328.4995,4326.0,111.26443636557909,0,4427.732733333333,139.1490267130732,185.01780000000053,0.04178612647667951,0.2,ok,pooled finite raw pixels; weighted by valid pixel count,raw before background subtraction and Gaussian smoothing,1.5,null,null,"{""x_um"": null, ""y_um"": null, ""status"": ""unavailable"", ""morphology_fallback_um"": 0.064971092928405, ""fluorescence_morphology_radius_pixels"": null}",analysis_provenance.json,background_samples/pos4_t0_live_background_samples.png,background_samples/pos4_t0_live_background_samples_corrected.png
d38c28de-c18e-4e3e-bed4-a53ffabe705e,86345802880542659364f089881142c5ce97f7fdeb3eb1c6da06ec0df98a4a01,/Volumes/Evans_Drive/TIFF_Timepoints/Peptide-Antibiotic/After-cell-viability-AMP-Experiments/RFP-Ecoli/s-29-peptide-09-01-26 (5)/T48+16/Key-folder/C2-Brot/LiveDead/brot-rfp-p5.tif,4,1,0,,4,0,1,dead,cropped_registered_analysis_frame,1,1679,955,100,100,1779,1055,10000,10000,3844.1821,3844.0,107.25593661700036,0,3810.951233333333,315.70638783814974,473.2126000000003,0.12417178048906555,0.2,ok,pooled finite raw pixels; weighted by valid pixel count,raw before background subtraction and Gaussian smoothing,1.5,null,null,"{""x_um"": null, ""y_um"": null, ""status"": ""unavailable"", ""morphology_fallback_um"": 0.064971092928405, ""fluorescence_morphology_radius_pixels"": null}",analysis_provenance.json,background_samples/pos4_t0_dead_background_samples.png,background_samples/pos4_t0_dead_background_samples_corrected.png
d38c28de-c18e-4e3e-bed4-a53ffabe705e,86345802880542659364f089881142c5ce97f7fdeb3eb1c6da06ec0df98a4a01,/Volumes/Evans_Drive/TIFF_Timepoints/Peptide-Antibiotic/After-cell-viability-AMP-Experiments/RFP-Ecoli/s-29-peptide-09-01-26 (5)/T48+16/Key-folder/C2-Brot/LiveDead/brot-rfp-p5.tif,4,1,0,,4,0,1,dead,cropped_registered_analysis_frame,2,558,680,100,100,658,780,10000,10000,3557.7295,3555.0,101.99499953306534,0,3810.951233333333,315.70638783814974,473.2126000000003,0.12417178048906555,0.2,ok,pooled finite raw pixels; weighted by valid pixel count,raw before background subtraction and Gaussian smoothing,1.5,null,null,"{""x_um"": null, ""y_um"": null, ""status"": ""unavailable"", ""morphology_fallback_um"": 0.064971092928405, ""fluorescence_morphology_radius_pixels"": null}",analysis_provenance.json,background_samples/pos4_t0_dead_background_samples.png,background_samples/pos4_t0_dead_background_samples_corrected.png
d38c28de-c18e-4e3e-bed4-a53ffabe705e,86345802880542659364f089881142c5ce97f7fdeb3eb1c6da06ec0df98a4a01,/Volumes/Evans_Drive/TIFF_Timepoints/Peptide-Antibiotic/After-cell-viability-AMP-Experiments/RFP-Ecoli/s-29-peptide-09-01-26 (5)/T48+16/Key-folder/C2-Brot/LiveDead/brot-rfp-p5.tif,4,1,0,,4,0,1,dead,cropped_registered_analysis_frame,3,1115,1551,100,100,1215,1651,10000,10000,4030.9421,3914.0,404.3306022892529,0,3810.951233333333,315.70638783814974,473.2126000000003,0.12417178048906555,0.2,ok,pooled finite raw pixels; weighted by valid pixel count,raw before background subtraction and Gaussian smoothing,1.5,null,null,"{""x_um"": null, ""y_um"": null, ""status"": ""unavailable"", ""morphology_fallback_um"": 0.064971092928405, ""fluorescence_morphology_radius_pixels"": null}",analysis_provenance.json,background_samples/pos4_t0_dead_background_samples.png,background_samples/pos4_t0_dead_background_samples_corrected.png
